acholeplasma_laidlawii__01	https://zenodo.org/record/4086456/files/acholeplasma_laidlawii__01.fa.xz
achromobacter_xylosoxidans__01	https://zenodo.org/record/4086456/files/achromobacter_xylosoxidans__01.fa.xz
acidaminococcus_fermentans__01	https://zenodo.org/record/4086456/files/acidaminococcus_fermentans__01.fa.xz
acidovorax_avenae__01	https://zenodo.org/record/4086456/files/acidovorax_avenae__01.fa.xz
acidovorax_sp_js42__01	https://zenodo.org/record/4086456/files/acidovorax_sp_js42__01.fa.xz
acidovorax_sp_kks102__01	https://zenodo.org/record/4086456/files/acidovorax_sp_kks102__01.fa.xz
acinetobacter_baumannii__01	https://zenodo.org/record/4086456/files/acinetobacter_baumannii__01.fa.xz
acinetobacter_baumannii__02	https://zenodo.org/record/4086456/files/acinetobacter_baumannii__02.fa.xz
acinetobacter_calcoaceticus__01	https://zenodo.org/record/4086456/files/acinetobacter_calcoaceticus__01.fa.xz
acinetobacter_oleivorans__01	https://zenodo.org/record/4086456/files/acinetobacter_oleivorans__01.fa.xz
acinetobacter_sp_adp1__01	https://zenodo.org/record/4086456/files/acinetobacter_sp_adp1__01.fa.xz
actinobacillus_pleuropneumoniae__01	https://zenodo.org/record/4086456/files/actinobacillus_pleuropneumoniae__01.fa.xz
actinobacillus_succinogenes__01	https://zenodo.org/record/4086456/files/actinobacillus_succinogenes__01.fa.xz
adlercreutzia_equolifaciens__01	https://zenodo.org/record/4086456/files/adlercreutzia_equolifaciens__01.fa.xz
aerococcus_urinae__01	https://zenodo.org/record/4086456/files/aerococcus_urinae__01.fa.xz
aeromonas_hydrophila__01	https://zenodo.org/record/4086456/files/aeromonas_hydrophila__01.fa.xz
aeromonas_salmonicida__01	https://zenodo.org/record/4086456/files/aeromonas_salmonicida__01.fa.xz
aeromonas_veronii__01	https://zenodo.org/record/4086456/files/aeromonas_veronii__01.fa.xz
aggregatibacter_actinomycetemcomitans__01	https://zenodo.org/record/4086456/files/aggregatibacter_actinomycetemcomitans__01.fa.xz
agrobacterium_fabrum__01	https://zenodo.org/record/4086456/files/agrobacterium_fabrum__01.fa.xz
akkermansia_muciniphila__01	https://zenodo.org/record/4086456/files/akkermansia_muciniphila__01.fa.xz
aliivibrio_fischeri__01	https://zenodo.org/record/4086456/files/aliivibrio_fischeri__01.fa.xz
alistipes_shahii__01	https://zenodo.org/record/4086456/files/alistipes_shahii__01.fa.xz
alkalilimnicola_ehrlichii__01	https://zenodo.org/record/4086456/files/alkalilimnicola_ehrlichii__01.fa.xz
alphapapillomavirus_9__01	https://zenodo.org/record/4086456/files/alphapapillomavirus_9__01.fa.xz
alteromonas_macleodii__01	https://zenodo.org/record/4086456/files/alteromonas_macleodii__01.fa.xz
aminobacterium_colombiense__01	https://zenodo.org/record/4086456/files/aminobacterium_colombiense__01.fa.xz
anaerococcus_prevotii__01	https://zenodo.org/record/4086456/files/anaerococcus_prevotii__01.fa.xz
arcobacter_butzleri__01	https://zenodo.org/record/4086456/files/arcobacter_butzleri__01.fa.xz
arthrobacter_sp_fb24__01	https://zenodo.org/record/4086456/files/arthrobacter_sp_fb24__01.fa.xz
atopobium_parvulum__01	https://zenodo.org/record/4086456/files/atopobium_parvulum__01.fa.xz
autographa_californica_multiple_nucleopolyhedrovirus__01	https://zenodo.org/record/4086456/files/autographa_californica_multiple_nucleopolyhedrovirus__01.fa.xz
bacillus_amyloliquefaciens__01	https://zenodo.org/record/4086456/files/bacillus_amyloliquefaciens__01.fa.xz
bacillus_anthracis__01	https://zenodo.org/record/4086456/files/bacillus_anthracis__01.fa.xz
bacillus_atrophaeus__01	https://zenodo.org/record/4086456/files/bacillus_atrophaeus__01.fa.xz
bacillus_cereus__01	https://zenodo.org/record/4086456/files/bacillus_cereus__01.fa.xz
bacillus_coagulans__01	https://zenodo.org/record/4086456/files/bacillus_coagulans__01.fa.xz
bacillus_licheniformis__01	https://zenodo.org/record/4086456/files/bacillus_licheniformis__01.fa.xz
bacillus_megaterium__01	https://zenodo.org/record/4086456/files/bacillus_megaterium__01.fa.xz
bacillus_pumilus__01	https://zenodo.org/record/4086456/files/bacillus_pumilus__01.fa.xz
bacillus_subtilis__01	https://zenodo.org/record/4086456/files/bacillus_subtilis__01.fa.xz
bacillus_thuringiensis__01	https://zenodo.org/record/4086456/files/bacillus_thuringiensis__01.fa.xz
bacillus_weihenstephanensis__01	https://zenodo.org/record/4086456/files/bacillus_weihenstephanensis__01.fa.xz
bacteroides_fragilis__01	https://zenodo.org/record/4086456/files/bacteroides_fragilis__01.fa.xz
bacteroides_thetaiotaomicron__01	https://zenodo.org/record/4086456/files/bacteroides_thetaiotaomicron__01.fa.xz
bacteroides_vulgatus__01	https://zenodo.org/record/4086456/files/bacteroides_vulgatus__01.fa.xz
bacteroides_xylanisolvens__01	https://zenodo.org/record/4086456/files/bacteroides_xylanisolvens__01.fa.xz
bartonella_bacilliformis__01	https://zenodo.org/record/4086456/files/bartonella_bacilliformis__01.fa.xz
bartonella_henselae__01	https://zenodo.org/record/4086456/files/bartonella_henselae__01.fa.xz
bartonella_quintana__01	https://zenodo.org/record/4086456/files/bartonella_quintana__01.fa.xz
bifidobacterium_adolescentis__01	https://zenodo.org/record/4086456/files/bifidobacterium_adolescentis__01.fa.xz
bifidobacterium_animalis__01	https://zenodo.org/record/4086456/files/bifidobacterium_animalis__01.fa.xz
bifidobacterium_asteroides__01	https://zenodo.org/record/4086456/files/bifidobacterium_asteroides__01.fa.xz
bifidobacterium_bifidum__01	https://zenodo.org/record/4086456/files/bifidobacterium_bifidum__01.fa.xz
bifidobacterium_breve__01	https://zenodo.org/record/4086456/files/bifidobacterium_breve__01.fa.xz
bifidobacterium_longum__01	https://zenodo.org/record/4086456/files/bifidobacterium_longum__01.fa.xz
bifidobacterium_thermophilum__01	https://zenodo.org/record/4086456/files/bifidobacterium_thermophilum__01.fa.xz
bordetella_bronchiseptica__01	https://zenodo.org/record/4086456/files/bordetella_bronchiseptica__01.fa.xz
bordetella_parapertussis__01	https://zenodo.org/record/4086456/files/bordetella_parapertussis__01.fa.xz
bordetella_pertussis__01	https://zenodo.org/record/4086456/files/bordetella_pertussis__01.fa.xz
bordetella_petrii__01	https://zenodo.org/record/4086456/files/bordetella_petrii__01.fa.xz
borrelia_afzelii__01	https://zenodo.org/record/4086456/files/borrelia_afzelii__01.fa.xz
borrelia_bavariensis__01	https://zenodo.org/record/4086456/files/borrelia_bavariensis__01.fa.xz
borrelia_burgdorferi__01	https://zenodo.org/record/4086456/files/borrelia_burgdorferi__01.fa.xz
brachybacterium_faecium__01	https://zenodo.org/record/4086456/files/brachybacterium_faecium__01.fa.xz
bradyrhizobium_diazoefficiens__01	https://zenodo.org/record/4086456/files/bradyrhizobium_diazoefficiens__01.fa.xz
bradyrhizobium_sp_btai1__01	https://zenodo.org/record/4086456/files/bradyrhizobium_sp_btai1__01.fa.xz
brevundimonas_subvibrioides__01	https://zenodo.org/record/4086456/files/brevundimonas_subvibrioides__01.fa.xz
brucella_abortus__01	https://zenodo.org/record/4086456/files/brucella_abortus__01.fa.xz
brucella_canis__01	https://zenodo.org/record/4086456/files/brucella_canis__01.fa.xz
brucella_ceti__01	https://zenodo.org/record/4086456/files/brucella_ceti__01.fa.xz
brucella_melitensis__01	https://zenodo.org/record/4086456/files/brucella_melitensis__01.fa.xz
brucella_ovis__01	https://zenodo.org/record/4086456/files/brucella_ovis__01.fa.xz
brucella_pinnipedialis__01	https://zenodo.org/record/4086456/files/brucella_pinnipedialis__01.fa.xz
brucella_suis__01	https://zenodo.org/record/4086456/files/brucella_suis__01.fa.xz
buchnera_aphidicola__01	https://zenodo.org/record/4086456/files/buchnera_aphidicola__01.fa.xz
burkholderia_ambifaria__01	https://zenodo.org/record/4086456/files/burkholderia_ambifaria__01.fa.xz
burkholderia_cenocepacia__01	https://zenodo.org/record/4086456/files/burkholderia_cenocepacia__01.fa.xz
burkholderia_gladioli__01	https://zenodo.org/record/4086456/files/burkholderia_gladioli__01.fa.xz
burkholderia_glumae__01	https://zenodo.org/record/4086456/files/burkholderia_glumae__01.fa.xz
burkholderia_lata__01	https://zenodo.org/record/4086456/files/burkholderia_lata__01.fa.xz
burkholderia_mallei__01	https://zenodo.org/record/4086456/files/burkholderia_mallei__01.fa.xz
burkholderia_multivorans__01	https://zenodo.org/record/4086456/files/burkholderia_multivorans__01.fa.xz
burkholderia_phymatum__01	https://zenodo.org/record/4086456/files/burkholderia_phymatum__01.fa.xz
burkholderia_pseudomallei__01	https://zenodo.org/record/4086456/files/burkholderia_pseudomallei__01.fa.xz
burkholderia_sp_ccge1002__01	https://zenodo.org/record/4086456/files/burkholderia_sp_ccge1002__01.fa.xz
burkholderia_sp_yi23__01	https://zenodo.org/record/4086456/files/burkholderia_sp_yi23__01.fa.xz
burkholderia_thailandensis__01	https://zenodo.org/record/4086456/files/burkholderia_thailandensis__01.fa.xz
burkholderia_vietnamiensis__01	https://zenodo.org/record/4086456/files/burkholderia_vietnamiensis__01.fa.xz
burkholderia_xenovorans__01	https://zenodo.org/record/4086456/files/burkholderia_xenovorans__01.fa.xz
butyrateproducing_bacterium_ss34__01	https://zenodo.org/record/4086456/files/butyrateproducing_bacterium_ss34__01.fa.xz
butyrateproducing_bacterium_ssc2__01	https://zenodo.org/record/4086456/files/butyrateproducing_bacterium_ssc2__01.fa.xz
butyrivibrio_fibrisolvens__01	https://zenodo.org/record/4086456/files/butyrivibrio_fibrisolvens__01.fa.xz
butyrivibrio_proteoclasticus__01	https://zenodo.org/record/4086456/files/butyrivibrio_proteoclasticus__01.fa.xz
caldicellulosiruptor_saccharolyticus__01	https://zenodo.org/record/4086456/files/caldicellulosiruptor_saccharolyticus__01.fa.xz
campylobacter_coli__01	https://zenodo.org/record/4086456/files/campylobacter_coli__01.fa.xz
campylobacter_concisus__01	https://zenodo.org/record/4086456/files/campylobacter_concisus__01.fa.xz
campylobacter_fetus__01	https://zenodo.org/record/4086456/files/campylobacter_fetus__01.fa.xz
campylobacter_jejuni__01	https://zenodo.org/record/4086456/files/campylobacter_jejuni__01.fa.xz
campylobacter_jejuni__02	https://zenodo.org/record/4086456/files/campylobacter_jejuni__02.fa.xz
campylobacter_jejuni__03	https://zenodo.org/record/4086456/files/campylobacter_jejuni__03.fa.xz
campylobacter_jejuni__04	https://zenodo.org/record/4086456/files/campylobacter_jejuni__04.fa.xz
campylobacter_jejuni__05	https://zenodo.org/record/4086456/files/campylobacter_jejuni__05.fa.xz
campylobacter_lari__01	https://zenodo.org/record/4086456/files/campylobacter_lari__01.fa.xz
candidatus_cloacimonas_acidaminovorans__01	https://zenodo.org/record/4086456/files/candidatus_cloacimonas_acidaminovorans__01.fa.xz
candidatus_desulforudis_audaxviator__01	https://zenodo.org/record/4086456/files/candidatus_desulforudis_audaxviator__01.fa.xz
candidatus_nitrososphaera_gargensis__01	https://zenodo.org/record/4086456/files/candidatus_nitrososphaera_gargensis__01.fa.xz
candidatus_nitrospira_defluvii__01	https://zenodo.org/record/4086456/files/candidatus_nitrospira_defluvii__01.fa.xz
candidatus_pelagibacter_sp_imcc9063__01	https://zenodo.org/record/4086456/files/candidatus_pelagibacter_sp_imcc9063__01.fa.xz
candidatus_pelagibacter_ubique__01	https://zenodo.org/record/4086456/files/candidatus_pelagibacter_ubique__01.fa.xz
candidatus_puniceispirillum_marinum__01	https://zenodo.org/record/4086456/files/candidatus_puniceispirillum_marinum__01.fa.xz
candidatus_solibacter_usitatus__01	https://zenodo.org/record/4086456/files/candidatus_solibacter_usitatus__01.fa.xz
capnocytophaga_ochracea__01	https://zenodo.org/record/4086456/files/capnocytophaga_ochracea__01.fa.xz
carnobacterium_maltaromaticum__01	https://zenodo.org/record/4086456/files/carnobacterium_maltaromaticum__01.fa.xz
caulobacter_vibrioides__01	https://zenodo.org/record/4086456/files/caulobacter_vibrioides__01.fa.xz
cellvibrio_gilvus__01	https://zenodo.org/record/4086456/files/cellvibrio_gilvus__01.fa.xz
chlamydia_muridarum__01	https://zenodo.org/record/4086456/files/chlamydia_muridarum__01.fa.xz
chlamydia_pecorum__01	https://zenodo.org/record/4086456/files/chlamydia_pecorum__01.fa.xz
chlamydia_pneumoniae__01	https://zenodo.org/record/4086456/files/chlamydia_pneumoniae__01.fa.xz
chlamydia_psittaci__01	https://zenodo.org/record/4086456/files/chlamydia_psittaci__01.fa.xz
chlamydia_trachomatis__01	https://zenodo.org/record/4086456/files/chlamydia_trachomatis__01.fa.xz
chlamydophila_abortus__01	https://zenodo.org/record/4086456/files/chlamydophila_abortus__01.fa.xz
chromohalobacter_salexigens__01	https://zenodo.org/record/4086456/files/chromohalobacter_salexigens__01.fa.xz
citrobacter_koseri__01	https://zenodo.org/record/4086456/files/citrobacter_koseri__01.fa.xz
citrobacter_rodentium__01	https://zenodo.org/record/4086456/files/citrobacter_rodentium__01.fa.xz
clavibacter_michiganensis__01	https://zenodo.org/record/4086456/files/clavibacter_michiganensis__01.fa.xz
clostridium_acetobutylicum__01	https://zenodo.org/record/4086456/files/clostridium_acetobutylicum__01.fa.xz
clostridium_beijerinckii__01	https://zenodo.org/record/4086456/files/clostridium_beijerinckii__01.fa.xz
clostridium_botulinum__01	https://zenodo.org/record/4086456/files/clostridium_botulinum__01.fa.xz
clostridium_clariflavum__01	https://zenodo.org/record/4086456/files/clostridium_clariflavum__01.fa.xz
clostridium_perfringens__01	https://zenodo.org/record/4086456/files/clostridium_perfringens__01.fa.xz
clostridium_saccharolyticum__01	https://zenodo.org/record/4086456/files/clostridium_saccharolyticum__01.fa.xz
colwellia_psychrerythraea__01	https://zenodo.org/record/4086456/files/colwellia_psychrerythraea__01.fa.xz
comamonas_testosteroni__01	https://zenodo.org/record/4086456/files/comamonas_testosteroni__01.fa.xz
conexibacter_woesei__01	https://zenodo.org/record/4086456/files/conexibacter_woesei__01.fa.xz
coprococcus_catus__01	https://zenodo.org/record/4086456/files/coprococcus_catus__01.fa.xz
coprothermobacter_proteolyticus__01	https://zenodo.org/record/4086456/files/coprothermobacter_proteolyticus__01.fa.xz
corynebacterium_aurimucosum__01	https://zenodo.org/record/4086456/files/corynebacterium_aurimucosum__01.fa.xz
corynebacterium_diphtheriae__01	https://zenodo.org/record/4086456/files/corynebacterium_diphtheriae__01.fa.xz
corynebacterium_glutamicum__01	https://zenodo.org/record/4086456/files/corynebacterium_glutamicum__01.fa.xz
corynebacterium_jeikeium__01	https://zenodo.org/record/4086456/files/corynebacterium_jeikeium__01.fa.xz
corynebacterium_urealyticum__01	https://zenodo.org/record/4086456/files/corynebacterium_urealyticum__01.fa.xz
corynebacterium_variabile__01	https://zenodo.org/record/4086456/files/corynebacterium_variabile__01.fa.xz
coxiella_burnetii__01	https://zenodo.org/record/4086456/files/coxiella_burnetii__01.fa.xz
cronobacter_sakazakii__01	https://zenodo.org/record/4086456/files/cronobacter_sakazakii__01.fa.xz
culex_flavivirus__01	https://zenodo.org/record/4086456/files/culex_flavivirus__01.fa.xz
cupriavidus_metallidurans__01	https://zenodo.org/record/4086456/files/cupriavidus_metallidurans__01.fa.xz
cytophaga_hutchinsonii__01	https://zenodo.org/record/4086456/files/cytophaga_hutchinsonii__01.fa.xz
dehalococcoides_mccartyi__01	https://zenodo.org/record/4086456/files/dehalococcoides_mccartyi__01.fa.xz
deinococcus_radiodurans__01	https://zenodo.org/record/4086456/files/deinococcus_radiodurans__01.fa.xz
delftia_acidovorans__01	https://zenodo.org/record/4086456/files/delftia_acidovorans__01.fa.xz
dengue_virus__01	https://zenodo.org/record/4086456/files/dengue_virus__01.fa.xz
desulfitobacterium_hafniense__01	https://zenodo.org/record/4086456/files/desulfitobacterium_hafniense__01.fa.xz
desulfotalea_psychrophila__01	https://zenodo.org/record/4086456/files/desulfotalea_psychrophila__01.fa.xz
desulfovibrio_alaskensis__01	https://zenodo.org/record/4086456/files/desulfovibrio_alaskensis__01.fa.xz
desulfovibrio_magneticus__01	https://zenodo.org/record/4086456/files/desulfovibrio_magneticus__01.fa.xz
desulfovibrio_vulgaris__01	https://zenodo.org/record/4086456/files/desulfovibrio_vulgaris__01.fa.xz
dichelobacter_nodosus__01	https://zenodo.org/record/4086456/files/dichelobacter_nodosus__01.fa.xz
dinoroseobacter_shibae__01	https://zenodo.org/record/4086456/files/dinoroseobacter_shibae__01.fa.xz
dokdonia_sp_4h375__01	https://zenodo.org/record/4086456/files/dokdonia_sp_4h375__01.fa.xz
dustbin__01	https://zenodo.org/record/4086456/files/dustbin__01.fa.xz
dustbin__02	https://zenodo.org/record/4086456/files/dustbin__02.fa.xz
dustbin__03	https://zenodo.org/record/4086456/files/dustbin__03.fa.xz
dustbin__04	https://zenodo.org/record/4086456/files/dustbin__04.fa.xz
dustbin__05	https://zenodo.org/record/4086456/files/dustbin__05.fa.xz
dustbin__06	https://zenodo.org/record/4086456/files/dustbin__06.fa.xz
eggerthella_lenta__01	https://zenodo.org/record/4086456/files/eggerthella_lenta__01.fa.xz
ehrlichia_chaffeensis__01	https://zenodo.org/record/4086456/files/ehrlichia_chaffeensis__01.fa.xz
enterobacter_aerogenes__01	https://zenodo.org/record/4086456/files/enterobacter_aerogenes__01.fa.xz
enterobacter_cloacae__01	https://zenodo.org/record/4086456/files/enterobacter_cloacae__01.fa.xz
enterobacteria_phage_m13__01	https://zenodo.org/record/4086456/files/enterobacteria_phage_m13__01.fa.xz
enterobacteria_phage_phix174_sensu_lato__01	https://zenodo.org/record/4086456/files/enterobacteria_phage_phix174_sensu_lato__01.fa.xz
enterobacteria_phage_t7__01	https://zenodo.org/record/4086456/files/enterobacteria_phage_t7__01.fa.xz
enterobacter_lignolyticus__01	https://zenodo.org/record/4086456/files/enterobacter_lignolyticus__01.fa.xz
enterococcus_casseliflavus__01	https://zenodo.org/record/4086456/files/enterococcus_casseliflavus__01.fa.xz
enterococcus_faecalis__01	https://zenodo.org/record/4086456/files/enterococcus_faecalis__01.fa.xz
enterococcus_faecium__01	https://zenodo.org/record/4086456/files/enterococcus_faecium__01.fa.xz
enterococcus_faecium__02	https://zenodo.org/record/4086456/files/enterococcus_faecium__02.fa.xz
enterococcus_hirae__01	https://zenodo.org/record/4086456/files/enterococcus_hirae__01.fa.xz
enterococcus_mundtii__01	https://zenodo.org/record/4086456/files/enterococcus_mundtii__01.fa.xz
enterovirus_c__01	https://zenodo.org/record/4086456/files/enterovirus_c__01.fa.xz
erwinia_amylovora__01	https://zenodo.org/record/4086456/files/erwinia_amylovora__01.fa.xz
erysipelothrix_rhusiopathiae__01	https://zenodo.org/record/4086456/files/erysipelothrix_rhusiopathiae__01.fa.xz
escherichia_coli__01	https://zenodo.org/record/4086456/files/escherichia_coli__01.fa.xz
escherichia_coli__02	https://zenodo.org/record/4086456/files/escherichia_coli__02.fa.xz
escherichia_coli__03	https://zenodo.org/record/4086456/files/escherichia_coli__03.fa.xz
escherichia_coli__04	https://zenodo.org/record/4086456/files/escherichia_coli__04.fa.xz
escherichia_coli__05	https://zenodo.org/record/4086456/files/escherichia_coli__05.fa.xz
escherichia_coli__06	https://zenodo.org/record/4086456/files/escherichia_coli__06.fa.xz
escherichia_coli__07	https://zenodo.org/record/4086456/files/escherichia_coli__07.fa.xz
escherichia_coli__08	https://zenodo.org/record/4086456/files/escherichia_coli__08.fa.xz
escherichia_coli__09	https://zenodo.org/record/4086456/files/escherichia_coli__09.fa.xz
escherichia_coli__10	https://zenodo.org/record/4086456/files/escherichia_coli__10.fa.xz
escherichia_coli__11	https://zenodo.org/record/4086456/files/escherichia_coli__11.fa.xz
escherichia_fergusonii__01	https://zenodo.org/record/4086456/files/escherichia_fergusonii__01.fa.xz
eubacterium_rectale__01	https://zenodo.org/record/4086456/files/eubacterium_rectale__01.fa.xz
eubacterium_siraeum__01	https://zenodo.org/record/4086456/files/eubacterium_siraeum__01.fa.xz
exiguobacterium_sibiricum__01	https://zenodo.org/record/4086456/files/exiguobacterium_sibiricum__01.fa.xz
exiguobacterium_sp_mh3__01	https://zenodo.org/record/4086456/files/exiguobacterium_sp_mh3__01.fa.xz
faecalibacterium_prausnitzii__01	https://zenodo.org/record/4086456/files/faecalibacterium_prausnitzii__01.fa.xz
fibrobacter_succinogenes__01	https://zenodo.org/record/4086456/files/fibrobacter_succinogenes__01.fa.xz
filifactor_alocis__01	https://zenodo.org/record/4086456/files/filifactor_alocis__01.fa.xz
finegoldia_magna__01	https://zenodo.org/record/4086456/files/finegoldia_magna__01.fa.xz
flavobacterium_johnsoniae__01	https://zenodo.org/record/4086456/files/flavobacterium_johnsoniae__01.fa.xz
flavobacterium_psychrophilum__01	https://zenodo.org/record/4086456/files/flavobacterium_psychrophilum__01.fa.xz
footandmouth_disease_virus__01	https://zenodo.org/record/4086456/files/footandmouth_disease_virus__01.fa.xz
francisella_philomiragia__01	https://zenodo.org/record/4086456/files/francisella_philomiragia__01.fa.xz
francisella_tularensis__01	https://zenodo.org/record/4086456/files/francisella_tularensis__01.fa.xz
frankia_sp_eui1c__01	https://zenodo.org/record/4086456/files/frankia_sp_eui1c__01.fa.xz
fusobacterium_nucleatum__01	https://zenodo.org/record/4086456/files/fusobacterium_nucleatum__01.fa.xz
gardnerella_vaginalis__01	https://zenodo.org/record/4086456/files/gardnerella_vaginalis__01.fa.xz
gb_virus_c__01	https://zenodo.org/record/4086456/files/gb_virus_c__01.fa.xz
gemmatimonas_aurantiaca__01	https://zenodo.org/record/4086456/files/gemmatimonas_aurantiaca__01.fa.xz
gramella_forsetii__01	https://zenodo.org/record/4086456/files/gramella_forsetii__01.fa.xz
granulicella_mallensis__01	https://zenodo.org/record/4086456/files/granulicella_mallensis__01.fa.xz
haemophilus_ducreyi__01	https://zenodo.org/record/4086456/files/haemophilus_ducreyi__01.fa.xz
haemophilus_influenzae__01	https://zenodo.org/record/4086456/files/haemophilus_influenzae__01.fa.xz
haemophilus_parainfluenzae__01	https://zenodo.org/record/4086456/files/haemophilus_parainfluenzae__01.fa.xz
haemophilus_parasuis__01	https://zenodo.org/record/4086456/files/haemophilus_parasuis__01.fa.xz
helicobacter_cinaedi__01	https://zenodo.org/record/4086456/files/helicobacter_cinaedi__01.fa.xz
helicobacter_hepaticus__01	https://zenodo.org/record/4086456/files/helicobacter_hepaticus__01.fa.xz
helicobacter_pylori__01	https://zenodo.org/record/4086456/files/helicobacter_pylori__01.fa.xz
hepatitis_b_virus__01	https://zenodo.org/record/4086456/files/hepatitis_b_virus__01.fa.xz
hepatitis_c_virus__01	https://zenodo.org/record/4086456/files/hepatitis_c_virus__01.fa.xz
herbaspirillum_seropedicae__01	https://zenodo.org/record/4086456/files/herbaspirillum_seropedicae__01.fa.xz
histophilus_somni__01	https://zenodo.org/record/4086456/files/histophilus_somni__01.fa.xz
human_endogenous_retrovirus_k__01	https://zenodo.org/record/4086456/files/human_endogenous_retrovirus_k__01.fa.xz
human_herpesvirus_1__01	https://zenodo.org/record/4086456/files/human_herpesvirus_1__01.fa.xz
human_herpesvirus_2__01	https://zenodo.org/record/4086456/files/human_herpesvirus_2__01.fa.xz
human_herpesvirus_3__01	https://zenodo.org/record/4086456/files/human_herpesvirus_3__01.fa.xz
human_herpesvirus_4__01	https://zenodo.org/record/4086456/files/human_herpesvirus_4__01.fa.xz
human_herpesvirus_5__01	https://zenodo.org/record/4086456/files/human_herpesvirus_5__01.fa.xz
human_immunodeficiency_virus_1__01	https://zenodo.org/record/4086456/files/human_immunodeficiency_virus_1__01.fa.xz
human_mastadenovirus_c__01	https://zenodo.org/record/4086456/files/human_mastadenovirus_c__01.fa.xz
human_respiratory_syncytial_virus__01	https://zenodo.org/record/4086456/files/human_respiratory_syncytial_virus__01.fa.xz
ilumatobacter_coccineus__01	https://zenodo.org/record/4086456/files/ilumatobacter_coccineus__01.fa.xz
influenza_a_virus__01	https://zenodo.org/record/4086456/files/influenza_a_virus__01.fa.xz
influenza_a_virus__02	https://zenodo.org/record/4086456/files/influenza_a_virus__02.fa.xz
influenza_b_virus__01	https://zenodo.org/record/4086456/files/influenza_b_virus__01.fa.xz
kineococcus_radiotolerans__01	https://zenodo.org/record/4086456/files/kineococcus_radiotolerans__01.fa.xz
kitasatospora_setae__01	https://zenodo.org/record/4086456/files/kitasatospora_setae__01.fa.xz
klebsiella_oxytoca__01	https://zenodo.org/record/4086456/files/klebsiella_oxytoca__01.fa.xz
klebsiella_pneumoniae__01	https://zenodo.org/record/4086456/files/klebsiella_pneumoniae__01.fa.xz
klebsiella_pneumoniae__02	https://zenodo.org/record/4086456/files/klebsiella_pneumoniae__02.fa.xz
klebsiella_pneumoniae__03	https://zenodo.org/record/4086456/files/klebsiella_pneumoniae__03.fa.xz
kosmotoga_olearia__01	https://zenodo.org/record/4086456/files/kosmotoga_olearia__01.fa.xz
lachnoclostridium_phytofermentans__01	https://zenodo.org/record/4086456/files/lachnoclostridium_phytofermentans__01.fa.xz
lacinutrix_sp_5h374__01	https://zenodo.org/record/4086456/files/lacinutrix_sp_5h374__01.fa.xz
lactobacillus_acidophilus__01	https://zenodo.org/record/4086456/files/lactobacillus_acidophilus__01.fa.xz
lactobacillus_brevis__01	https://zenodo.org/record/4086456/files/lactobacillus_brevis__01.fa.xz
lactobacillus_buchneri__01	https://zenodo.org/record/4086456/files/lactobacillus_buchneri__01.fa.xz
lactobacillus_casei__01	https://zenodo.org/record/4086456/files/lactobacillus_casei__01.fa.xz
lactobacillus_crispatus__01	https://zenodo.org/record/4086456/files/lactobacillus_crispatus__01.fa.xz
lactobacillus_delbrueckii__01	https://zenodo.org/record/4086456/files/lactobacillus_delbrueckii__01.fa.xz
lactobacillus_fermentum__01	https://zenodo.org/record/4086456/files/lactobacillus_fermentum__01.fa.xz
lactobacillus_gasseri__01	https://zenodo.org/record/4086456/files/lactobacillus_gasseri__01.fa.xz
lactobacillus_helveticus__01	https://zenodo.org/record/4086456/files/lactobacillus_helveticus__01.fa.xz
lactobacillus_johnsonii__01	https://zenodo.org/record/4086456/files/lactobacillus_johnsonii__01.fa.xz
lactobacillus_plantarum__01	https://zenodo.org/record/4086456/files/lactobacillus_plantarum__01.fa.xz
lactobacillus_reuteri__01	https://zenodo.org/record/4086456/files/lactobacillus_reuteri__01.fa.xz
lactobacillus_rhamnosus__01	https://zenodo.org/record/4086456/files/lactobacillus_rhamnosus__01.fa.xz
lactobacillus_sakei__01	https://zenodo.org/record/4086456/files/lactobacillus_sakei__01.fa.xz
lactobacillus_salivarius__01	https://zenodo.org/record/4086456/files/lactobacillus_salivarius__01.fa.xz
lactobacillus_sanfranciscensis__01	https://zenodo.org/record/4086456/files/lactobacillus_sanfranciscensis__01.fa.xz
lactococcus_garvieae__01	https://zenodo.org/record/4086456/files/lactococcus_garvieae__01.fa.xz
lactococcus_lactis__01	https://zenodo.org/record/4086456/files/lactococcus_lactis__01.fa.xz
lassa_virus__01	https://zenodo.org/record/4086456/files/lassa_virus__01.fa.xz
legionella_longbeachae__01	https://zenodo.org/record/4086456/files/legionella_longbeachae__01.fa.xz
legionella_pneumophila__01	https://zenodo.org/record/4086456/files/legionella_pneumophila__01.fa.xz
leptospira_biflexa__01	https://zenodo.org/record/4086456/files/leptospira_biflexa__01.fa.xz
leptospira_borgpetersenii__01	https://zenodo.org/record/4086456/files/leptospira_borgpetersenii__01.fa.xz
leptospira_interrogans__01	https://zenodo.org/record/4086456/files/leptospira_interrogans__01.fa.xz
leptotrichia_buccalis__01	https://zenodo.org/record/4086456/files/leptotrichia_buccalis__01.fa.xz
listeria_innocua__01	https://zenodo.org/record/4086456/files/listeria_innocua__01.fa.xz
listeria_monocytogenes__01	https://zenodo.org/record/4086456/files/listeria_monocytogenes__01.fa.xz
listeria_monocytogenes__02	https://zenodo.org/record/4086456/files/listeria_monocytogenes__02.fa.xz
listeria_monocytogenes__03	https://zenodo.org/record/4086456/files/listeria_monocytogenes__03.fa.xz
listeria_monocytogenes__04	https://zenodo.org/record/4086456/files/listeria_monocytogenes__04.fa.xz
lysinibacillus_sphaericus__01	https://zenodo.org/record/4086456/files/lysinibacillus_sphaericus__01.fa.xz
mamestra_configurata_nucleopolyhedrovirus_a__01	https://zenodo.org/record/4086456/files/mamestra_configurata_nucleopolyhedrovirus_a__01.fa.xz
mannheimia_haemolytica__01	https://zenodo.org/record/4087330/files/mannheimia_haemolytica__01.fa.xz
marinobacter_hydrocarbonoclasticus__01	https://zenodo.org/record/4087330/files/marinobacter_hydrocarbonoclasticus__01.fa.xz
marinomonas_mediterranea__01	https://zenodo.org/record/4087330/files/marinomonas_mediterranea__01.fa.xz
mesorhizobium_loti__01	https://zenodo.org/record/4087330/files/mesorhizobium_loti__01.fa.xz
methanococcus_voltae__01	https://zenodo.org/record/4087330/files/methanococcus_voltae__01.fa.xz
methanocorpusculum_labreanum__01	https://zenodo.org/record/4087330/files/methanocorpusculum_labreanum__01.fa.xz
methylobacterium_extorquens__01	https://zenodo.org/record/4087330/files/methylobacterium_extorquens__01.fa.xz
methylobacterium_radiotolerans__01	https://zenodo.org/record/4087330/files/methylobacterium_radiotolerans__01.fa.xz
methylococcus_capsulatus__01	https://zenodo.org/record/4087330/files/methylococcus_capsulatus__01.fa.xz
methylocystis_sp_sc2__01	https://zenodo.org/record/4087330/files/methylocystis_sp_sc2__01.fa.xz
methylomicrobium_alcaliphilum__01	https://zenodo.org/record/4087330/files/methylomicrobium_alcaliphilum__01.fa.xz
methylomonas_methanica__01	https://zenodo.org/record/4087330/files/methylomonas_methanica__01.fa.xz
methylotenera_mobilis__01	https://zenodo.org/record/4087330/files/methylotenera_mobilis__01.fa.xz
methylotenera_versatilis__01	https://zenodo.org/record/4087330/files/methylotenera_versatilis__01.fa.xz
microbacterium_testaceum__01	https://zenodo.org/record/4087330/files/microbacterium_testaceum__01.fa.xz
micrococcus_luteus__01	https://zenodo.org/record/4087330/files/micrococcus_luteus__01.fa.xz
microcystis_aeruginosa__01	https://zenodo.org/record/4087330/files/microcystis_aeruginosa__01.fa.xz
middle_east_respiratory_syndrome_coronavirus__01	https://zenodo.org/record/4087330/files/middle_east_respiratory_syndrome_coronavirus__01.fa.xz
mobiluncus_curtisii__01	https://zenodo.org/record/4087330/files/mobiluncus_curtisii__01.fa.xz
mopeia_lassa_virus_reassortant_29__01	https://zenodo.org/record/4087330/files/mopeia_lassa_virus_reassortant_29__01.fa.xz
moraxella_catarrhalis__01	https://zenodo.org/record/4087330/files/moraxella_catarrhalis__01.fa.xz
morganella_morganii__01	https://zenodo.org/record/4087330/files/morganella_morganii__01.fa.xz
mycobacterium_abscessus__01	https://zenodo.org/record/4087330/files/mycobacterium_abscessus__01.fa.xz
mycobacterium_africanum__01	https://zenodo.org/record/4087330/files/mycobacterium_africanum__01.fa.xz
mycobacterium_avium__01	https://zenodo.org/record/4087330/files/mycobacterium_avium__01.fa.xz
mycobacterium_bovis__01	https://zenodo.org/record/4087330/files/mycobacterium_bovis__01.fa.xz
mycobacterium_canettii__01	https://zenodo.org/record/4087330/files/mycobacterium_canettii__01.fa.xz
mycobacterium_kansasii__01	https://zenodo.org/record/4087330/files/mycobacterium_kansasii__01.fa.xz
mycobacterium_leprae__01	https://zenodo.org/record/4087330/files/mycobacterium_leprae__01.fa.xz
mycobacterium_marinum__01	https://zenodo.org/record/4087330/files/mycobacterium_marinum__01.fa.xz
mycobacterium_smegmatis__01	https://zenodo.org/record/4087330/files/mycobacterium_smegmatis__01.fa.xz
mycobacterium_sp_jdm601__01	https://zenodo.org/record/4087330/files/mycobacterium_sp_jdm601__01.fa.xz
mycobacterium_sp_jls__01	https://zenodo.org/record/4087330/files/mycobacterium_sp_jls__01.fa.xz
mycobacterium_tuberculosis__01	https://zenodo.org/record/4087330/files/mycobacterium_tuberculosis__01.fa.xz
mycobacterium_tuberculosis__02	https://zenodo.org/record/4087330/files/mycobacterium_tuberculosis__02.fa.xz
mycobacterium_tuberculosis__03	https://zenodo.org/record/4087330/files/mycobacterium_tuberculosis__03.fa.xz
mycobacterium_tuberculosis__04	https://zenodo.org/record/4087330/files/mycobacterium_tuberculosis__04.fa.xz
mycobacterium_tuberculosis__05	https://zenodo.org/record/4087330/files/mycobacterium_tuberculosis__05.fa.xz
mycobacterium_tuberculosis__06	https://zenodo.org/record/4087330/files/mycobacterium_tuberculosis__06.fa.xz
mycobacterium_tuberculosis__07	https://zenodo.org/record/4087330/files/mycobacterium_tuberculosis__07.fa.xz
mycobacterium_tuberculosis__08	https://zenodo.org/record/4087330/files/mycobacterium_tuberculosis__08.fa.xz
mycobacterium_ulcerans__01	https://zenodo.org/record/4087330/files/mycobacterium_ulcerans__01.fa.xz
mycobacterium_vanbaalenii__01	https://zenodo.org/record/4087330/files/mycobacterium_vanbaalenii__01.fa.xz
mycoplasma_agalactiae__01	https://zenodo.org/record/4087330/files/mycoplasma_agalactiae__01.fa.xz
mycoplasma_bovis__01	https://zenodo.org/record/4087330/files/mycoplasma_bovis__01.fa.xz
mycoplasma_gallisepticum__01	https://zenodo.org/record/4087330/files/mycoplasma_gallisepticum__01.fa.xz
mycoplasma_genitalium__01	https://zenodo.org/record/4087330/files/mycoplasma_genitalium__01.fa.xz
mycoplasma_hyopneumoniae__01	https://zenodo.org/record/4087330/files/mycoplasma_hyopneumoniae__01.fa.xz
mycoplasma_hyorhinis__01	https://zenodo.org/record/4087330/files/mycoplasma_hyorhinis__01.fa.xz
mycoplasma_pneumoniae__01	https://zenodo.org/record/4087330/files/mycoplasma_pneumoniae__01.fa.xz
myxococcus_xanthus__01	https://zenodo.org/record/4087330/files/myxococcus_xanthus__01.fa.xz
neisseria_gonorrhoeae__01	https://zenodo.org/record/4087330/files/neisseria_gonorrhoeae__01.fa.xz
neisseria_gonorrhoeae__02	https://zenodo.org/record/4087330/files/neisseria_gonorrhoeae__02.fa.xz
neisseria_lactamica__01	https://zenodo.org/record/4087330/files/neisseria_lactamica__01.fa.xz
neisseria_meningitidis__01	https://zenodo.org/record/4087330/files/neisseria_meningitidis__01.fa.xz
neisseria_meningitidis__02	https://zenodo.org/record/4087330/files/neisseria_meningitidis__02.fa.xz
neisseria_meningitidis__03	https://zenodo.org/record/4087330/files/neisseria_meningitidis__03.fa.xz
neisseria_meningitidis__04	https://zenodo.org/record/4087330/files/neisseria_meningitidis__04.fa.xz
niastella_koreensis__01	https://zenodo.org/record/4087330/files/niastella_koreensis__01.fa.xz
nitrobacter_winogradskyi__01	https://zenodo.org/record/4087330/files/nitrobacter_winogradskyi__01.fa.xz
nitrosomonas_europaea__01	https://zenodo.org/record/4087330/files/nitrosomonas_europaea__01.fa.xz
nitrosospira_multiformis__01	https://zenodo.org/record/4087330/files/nitrosospira_multiformis__01.fa.xz
nocardia_farcinica__01	https://zenodo.org/record/4087330/files/nocardia_farcinica__01.fa.xz
nocardioides_sp_js614__01	https://zenodo.org/record/4087330/files/nocardioides_sp_js614__01.fa.xz
nostoc_punctiforme__01	https://zenodo.org/record/4087330/files/nostoc_punctiforme__01.fa.xz
nostoc_sp_pcc_7120__01	https://zenodo.org/record/4087330/files/nostoc_sp_pcc_7120__01.fa.xz
oceanobacillus_iheyensis__01	https://zenodo.org/record/4087330/files/oceanobacillus_iheyensis__01.fa.xz
ochrobactrum_anthropi__01	https://zenodo.org/record/4087330/files/ochrobactrum_anthropi__01.fa.xz
oenococcus_oeni__01	https://zenodo.org/record/4087330/files/oenococcus_oeni__01.fa.xz
olsenella_uli__01	https://zenodo.org/record/4087330/files/olsenella_uli__01.fa.xz
opitutus_terrae__01	https://zenodo.org/record/4087330/files/opitutus_terrae__01.fa.xz
orientia_tsutsugamushi__01	https://zenodo.org/record/4087330/files/orientia_tsutsugamushi__01.fa.xz
oscillatoria_nigroviridis__01	https://zenodo.org/record/4087330/files/oscillatoria_nigroviridis__01.fa.xz
oscillibacter_valericigenes__01	https://zenodo.org/record/4087330/files/oscillibacter_valericigenes__01.fa.xz
paenibacillus_larvae__01	https://zenodo.org/record/4087330/files/paenibacillus_larvae__01.fa.xz
paenibacillus_polymyxa__01	https://zenodo.org/record/4087330/files/paenibacillus_polymyxa__01.fa.xz
paenibacillus_sp_jdr2__01	https://zenodo.org/record/4087330/files/paenibacillus_sp_jdr2__01.fa.xz
paenibacillus_sp_y412mc10__01	https://zenodo.org/record/4087330/files/paenibacillus_sp_y412mc10__01.fa.xz
pandoravirus_dulcis__01	https://zenodo.org/record/4087330/files/pandoravirus_dulcis__01.fa.xz
pantoea_vagans__01	https://zenodo.org/record/4087330/files/pantoea_vagans__01.fa.xz
parabacteroides_distasonis__01	https://zenodo.org/record/4087330/files/parabacteroides_distasonis__01.fa.xz
paracoccus_denitrificans__01	https://zenodo.org/record/4087330/files/paracoccus_denitrificans__01.fa.xz
parvibaculum_lavamentivorans__01	https://zenodo.org/record/4087330/files/parvibaculum_lavamentivorans__01.fa.xz
pasteurella_multocida__01	https://zenodo.org/record/4087330/files/pasteurella_multocida__01.fa.xz
pedobacter_heparinus__01	https://zenodo.org/record/4087330/files/pedobacter_heparinus__01.fa.xz
pedobacter_saltans__01	https://zenodo.org/record/4087330/files/pedobacter_saltans__01.fa.xz
pelobacter_carbinolicus__01	https://zenodo.org/record/4087330/files/pelobacter_carbinolicus__01.fa.xz
peptoclostridium_difficile__01	https://zenodo.org/record/4087330/files/peptoclostridium_difficile__01.fa.xz
peptoclostridium_difficile__02	https://zenodo.org/record/4087330/files/peptoclostridium_difficile__02.fa.xz
photobacterium_profundum__01	https://zenodo.org/record/4087330/files/photobacterium_profundum__01.fa.xz
photorhabdus_luminescens__01	https://zenodo.org/record/4087330/files/photorhabdus_luminescens__01.fa.xz
polaribacter_sp_med152__01	https://zenodo.org/record/4087330/files/polaribacter_sp_med152__01.fa.xz
polaromonas_naphthalenivorans__01	https://zenodo.org/record/4087330/files/polaromonas_naphthalenivorans__01.fa.xz
porcine_reproductive_and_respiratory_syndrome_virus__01	https://zenodo.org/record/4087330/files/porcine_reproductive_and_respiratory_syndrome_virus__01.fa.xz
porphyromonas_asaccharolytica__01	https://zenodo.org/record/4087330/files/porphyromonas_asaccharolytica__01.fa.xz
porphyromonas_gingivalis__01	https://zenodo.org/record/4087330/files/porphyromonas_gingivalis__01.fa.xz
prevotella_denticola__01	https://zenodo.org/record/4087330/files/prevotella_denticola__01.fa.xz
prevotella_intermedia__01	https://zenodo.org/record/4087330/files/prevotella_intermedia__01.fa.xz
prevotella_melaninogenica__01	https://zenodo.org/record/4087330/files/prevotella_melaninogenica__01.fa.xz
prevotella_ruminicola__01	https://zenodo.org/record/4087330/files/prevotella_ruminicola__01.fa.xz
prevotella_sp_oral_taxon_299__01	https://zenodo.org/record/4087330/files/prevotella_sp_oral_taxon_299__01.fa.xz
prochlorococcus_marinus__01	https://zenodo.org/record/4087330/files/prochlorococcus_marinus__01.fa.xz
prochlorococcus_phage_syn33__01	https://zenodo.org/record/4087330/files/prochlorococcus_phage_syn33__01.fa.xz
propionibacterium_acnes__01	https://zenodo.org/record/4087330/files/propionibacterium_acnes__01.fa.xz
proteus_mirabilis__01	https://zenodo.org/record/4087330/files/proteus_mirabilis__01.fa.xz
providencia_stuartii__01	https://zenodo.org/record/4087330/files/providencia_stuartii__01.fa.xz
pseudoalteromonas_sp_sm9913__01	https://zenodo.org/record/4087330/files/pseudoalteromonas_sp_sm9913__01.fa.xz
pseudomonas_aeruginosa__01	https://zenodo.org/record/4087330/files/pseudomonas_aeruginosa__01.fa.xz
pseudomonas_aeruginosa__02	https://zenodo.org/record/4087330/files/pseudomonas_aeruginosa__02.fa.xz
pseudomonas_fluorescens__01	https://zenodo.org/record/4087330/files/pseudomonas_fluorescens__01.fa.xz
pseudomonas_protegens__01	https://zenodo.org/record/4087330/files/pseudomonas_protegens__01.fa.xz
pseudomonas_putida__01	https://zenodo.org/record/4087330/files/pseudomonas_putida__01.fa.xz
pseudomonas_savastanoi__01	https://zenodo.org/record/4087330/files/pseudomonas_savastanoi__01.fa.xz
pseudomonas_stutzeri__01	https://zenodo.org/record/4087330/files/pseudomonas_stutzeri__01.fa.xz
pseudomonas_syringae__01	https://zenodo.org/record/4087330/files/pseudomonas_syringae__01.fa.xz
pseudomonas_syringae_group_genomosp_3__01	https://zenodo.org/record/4087330/files/pseudomonas_syringae_group_genomosp_3__01.fa.xz
pseudonocardia_dioxanivorans__01	https://zenodo.org/record/4087330/files/pseudonocardia_dioxanivorans__01.fa.xz
psychrobacter_sp_prwf1__01	https://zenodo.org/record/4087330/files/psychrobacter_sp_prwf1__01.fa.xz
rabbit_hemorrhagic_disease_virus__01	https://zenodo.org/record/4087330/files/rabbit_hemorrhagic_disease_virus__01.fa.xz
ralstonia_pickettii__01	https://zenodo.org/record/4087330/files/ralstonia_pickettii__01.fa.xz
ralstonia_solanacearum__01	https://zenodo.org/record/4087330/files/ralstonia_solanacearum__01.fa.xz
raoultella_ornithinolytica__01	https://zenodo.org/record/4087330/files/raoultella_ornithinolytica__01.fa.xz
rd114_retrovirus__01	https://zenodo.org/record/4087330/files/rd114_retrovirus__01.fa.xz
renibacterium_salmoninarum__01	https://zenodo.org/record/4087330/files/renibacterium_salmoninarum__01.fa.xz
respiratory_syncytial_virus__01	https://zenodo.org/record/4087330/files/respiratory_syncytial_virus__01.fa.xz
rhizobium_leguminosarum__01	https://zenodo.org/record/4087330/files/rhizobium_leguminosarum__01.fa.xz
rhodobacter_capsulatus__01	https://zenodo.org/record/4087330/files/rhodobacter_capsulatus__01.fa.xz
rhodobacter_sphaeroides__01	https://zenodo.org/record/4087330/files/rhodobacter_sphaeroides__01.fa.xz
rhodococcus_hoagii__01	https://zenodo.org/record/4087330/files/rhodococcus_hoagii__01.fa.xz
rhodococcus_jostii__01	https://zenodo.org/record/4087330/files/rhodococcus_jostii__01.fa.xz
rhodococcus_pyridinivorans__01	https://zenodo.org/record/4087330/files/rhodococcus_pyridinivorans__01.fa.xz
rhodopseudomonas_palustris__01	https://zenodo.org/record/4087330/files/rhodopseudomonas_palustris__01.fa.xz
rhodospirillum_centenum__01	https://zenodo.org/record/4087330/files/rhodospirillum_centenum__01.fa.xz
riemerella_anatipestifer__01	https://zenodo.org/record/4087330/files/riemerella_anatipestifer__01.fa.xz
roseburia_intestinalis__01	https://zenodo.org/record/4087330/files/roseburia_intestinalis__01.fa.xz
rothia_dentocariosa__01	https://zenodo.org/record/4087330/files/rothia_dentocariosa__01.fa.xz
rothia_mucilaginosa__01	https://zenodo.org/record/4087330/files/rothia_mucilaginosa__01.fa.xz
ruegeria_pomeroyi__01	https://zenodo.org/record/4087330/files/ruegeria_pomeroyi__01.fa.xz
ruegeria_sp_tm1040__01	https://zenodo.org/record/4087330/files/ruegeria_sp_tm1040__01.fa.xz
ruminiclostridium_thermocellum__01	https://zenodo.org/record/4087330/files/ruminiclostridium_thermocellum__01.fa.xz
ruminococcus_albus__01	https://zenodo.org/record/4087330/files/ruminococcus_albus__01.fa.xz
ruminococcus_bromii__01	https://zenodo.org/record/4087330/files/ruminococcus_bromii__01.fa.xz
ruminococcus_obeum__01	https://zenodo.org/record/4087330/files/ruminococcus_obeum__01.fa.xz
ruminococcus_torques__01	https://zenodo.org/record/4087330/files/ruminococcus_torques__01.fa.xz
saccharopolyspora_erythraea__01	https://zenodo.org/record/4087330/files/saccharopolyspora_erythraea__01.fa.xz
salinispora_arenicola__01	https://zenodo.org/record/4087330/files/salinispora_arenicola__01.fa.xz
salinispora_tropica__01	https://zenodo.org/record/4087330/files/salinispora_tropica__01.fa.xz
salmonella_bongori__01	https://zenodo.org/record/4087330/files/salmonella_bongori__01.fa.xz
salmonella_enterica__01	https://zenodo.org/record/4087330/files/salmonella_enterica__01.fa.xz
salmonella_enterica__02	https://zenodo.org/record/4087330/files/salmonella_enterica__02.fa.xz
salmonella_enterica__03	https://zenodo.org/record/4087330/files/salmonella_enterica__03.fa.xz
salmonella_enterica__04	https://zenodo.org/record/4087330/files/salmonella_enterica__04.fa.xz
salmonella_enterica__05	https://zenodo.org/record/4087330/files/salmonella_enterica__05.fa.xz
salmonella_enterica__06	https://zenodo.org/record/4087330/files/salmonella_enterica__06.fa.xz
salmonella_enterica__07	https://zenodo.org/record/4087330/files/salmonella_enterica__07.fa.xz
salmonella_enterica__08	https://zenodo.org/record/4087330/files/salmonella_enterica__08.fa.xz
salmonella_enterica__09	https://zenodo.org/record/4087330/files/salmonella_enterica__09.fa.xz
salmonella_enterica__10	https://zenodo.org/record/4087330/files/salmonella_enterica__10.fa.xz
salmonella_enterica__11	https://zenodo.org/record/4087330/files/salmonella_enterica__11.fa.xz
salmonella_enterica__12	https://zenodo.org/record/4087330/files/salmonella_enterica__12.fa.xz
salmonella_enterica__13	https://zenodo.org/record/4087330/files/salmonella_enterica__13.fa.xz
salmonella_enterica__14	https://zenodo.org/record/4087330/files/salmonella_enterica__14.fa.xz
salmonella_enterica__15	https://zenodo.org/record/4087330/files/salmonella_enterica__15.fa.xz
salmonella_enterica__16	https://zenodo.org/record/4087330/files/salmonella_enterica__16.fa.xz
salmonella_enterica__17	https://zenodo.org/record/4087330/files/salmonella_enterica__17.fa.xz
salmonella_enterica__18	https://zenodo.org/record/4087330/files/salmonella_enterica__18.fa.xz
sanguibacter_keddieii__01	https://zenodo.org/record/4087330/files/sanguibacter_keddieii__01.fa.xz
selenomonas_ruminantium__01	https://zenodo.org/record/4087330/files/selenomonas_ruminantium__01.fa.xz
selenomonas_sputigena__01	https://zenodo.org/record/4087330/files/selenomonas_sputigena__01.fa.xz
sendai_virus__01	https://zenodo.org/record/4087330/files/sendai_virus__01.fa.xz
serratia_marcescens__01	https://zenodo.org/record/4087330/files/serratia_marcescens__01.fa.xz
shewanella_amazonensis__01	https://zenodo.org/record/4087330/files/shewanella_amazonensis__01.fa.xz
shewanella_baltica__01	https://zenodo.org/record/4087330/files/shewanella_baltica__01.fa.xz
shewanella_oneidensis__01	https://zenodo.org/record/4087330/files/shewanella_oneidensis__01.fa.xz
shewanella_sp_w3181__01	https://zenodo.org/record/4087330/files/shewanella_sp_w3181__01.fa.xz
shigella_boydii__01	https://zenodo.org/record/4087330/files/shigella_boydii__01.fa.xz
shigella_dysenteriae__01	https://zenodo.org/record/4087330/files/shigella_dysenteriae__01.fa.xz
shigella_flexneri__01	https://zenodo.org/record/4087330/files/shigella_flexneri__01.fa.xz
shigella_sonnei__01	https://zenodo.org/record/4087330/files/shigella_sonnei__01.fa.xz
shigella_sonnei__02	https://zenodo.org/record/4087330/files/shigella_sonnei__02.fa.xz
simian_hemorrhagic_fever_virus__01	https://zenodo.org/record/4087330/files/simian_hemorrhagic_fever_virus__01.fa.xz
sindbis_virus__01	https://zenodo.org/record/4087330/files/sindbis_virus__01.fa.xz
sinorhizobium_fredii__01	https://zenodo.org/record/4087330/files/sinorhizobium_fredii__01.fa.xz
sinorhizobium_medicae__01	https://zenodo.org/record/4087330/files/sinorhizobium_medicae__01.fa.xz
sinorhizobium_meliloti__01	https://zenodo.org/record/4087330/files/sinorhizobium_meliloti__01.fa.xz
sodalis_glossinidius__01	https://zenodo.org/record/4087330/files/sodalis_glossinidius__01.fa.xz
sorangium_cellulosum__01	https://zenodo.org/record/4087330/files/sorangium_cellulosum__01.fa.xz
sphingomonas_wittichii__01	https://zenodo.org/record/4087330/files/sphingomonas_wittichii__01.fa.xz
staphylococcus_aureus__01	https://zenodo.org/record/4087330/files/staphylococcus_aureus__01.fa.xz
staphylococcus_aureus__02	https://zenodo.org/record/4087330/files/staphylococcus_aureus__02.fa.xz
staphylococcus_aureus__03	https://zenodo.org/record/4087330/files/staphylococcus_aureus__03.fa.xz
staphylococcus_aureus__04	https://zenodo.org/record/4087330/files/staphylococcus_aureus__04.fa.xz
staphylococcus_aureus__05	https://zenodo.org/record/4087330/files/staphylococcus_aureus__05.fa.xz
staphylococcus_aureus__06	https://zenodo.org/record/4087330/files/staphylococcus_aureus__06.fa.xz
staphylococcus_aureus__07	https://zenodo.org/record/4087330/files/staphylococcus_aureus__07.fa.xz
staphylococcus_aureus__08	https://zenodo.org/record/4087330/files/staphylococcus_aureus__08.fa.xz
staphylococcus_aureus__09	https://zenodo.org/record/4087330/files/staphylococcus_aureus__09.fa.xz
staphylococcus_aureus__10	https://zenodo.org/record/4087330/files/staphylococcus_aureus__10.fa.xz
staphylococcus_aureus__11	https://zenodo.org/record/4087330/files/staphylococcus_aureus__11.fa.xz
staphylococcus_epidermidis__01	https://zenodo.org/record/4087330/files/staphylococcus_epidermidis__01.fa.xz
staphylococcus_haemolyticus__01	https://zenodo.org/record/4087330/files/staphylococcus_haemolyticus__01.fa.xz
staphylococcus_lugdunensis__01	https://zenodo.org/record/4087330/files/staphylococcus_lugdunensis__01.fa.xz
staphylococcus_pseudintermedius__01	https://zenodo.org/record/4087330/files/staphylococcus_pseudintermedius__01.fa.xz
staphylococcus_saprophyticus__01	https://zenodo.org/record/4087330/files/staphylococcus_saprophyticus__01.fa.xz
staphylococcus_warneri__01	https://zenodo.org/record/4087330/files/staphylococcus_warneri__01.fa.xz
stenotrophomonas_maltophilia__01	https://zenodo.org/record/4087330/files/stenotrophomonas_maltophilia__01.fa.xz
streptobacillus_moniliformis__01	https://zenodo.org/record/4087330/files/streptobacillus_moniliformis__01.fa.xz
streptococcus_agalactiae__01	https://zenodo.org/record/4087330/files/streptococcus_agalactiae__01.fa.xz
streptococcus_agalactiae__02	https://zenodo.org/record/4087330/files/streptococcus_agalactiae__02.fa.xz
streptococcus_anginosus__01	https://zenodo.org/record/4087330/files/streptococcus_anginosus__01.fa.xz
streptococcus_constellatus__01	https://zenodo.org/record/4087330/files/streptococcus_constellatus__01.fa.xz
streptococcus_dysgalactiae__01	https://zenodo.org/record/4087330/files/streptococcus_dysgalactiae__01.fa.xz
streptococcus_equi__01	https://zenodo.org/record/4087330/files/streptococcus_equi__01.fa.xz
streptococcus_gordonii__01	https://zenodo.org/record/4087330/files/streptococcus_gordonii__01.fa.xz
streptococcus_mutans__01	https://zenodo.org/record/4087330/files/streptococcus_mutans__01.fa.xz
streptococcus_oralis__01	https://zenodo.org/record/4087330/files/streptococcus_oralis__01.fa.xz
streptococcus_parasanguinis__01	https://zenodo.org/record/4087330/files/streptococcus_parasanguinis__01.fa.xz
streptococcus_pneumoniae__01	https://zenodo.org/record/4087330/files/streptococcus_pneumoniae__01.fa.xz
streptococcus_pneumoniae__02	https://zenodo.org/record/4087330/files/streptococcus_pneumoniae__02.fa.xz
streptococcus_pneumoniae__03	https://zenodo.org/record/4087330/files/streptococcus_pneumoniae__03.fa.xz
streptococcus_pneumoniae__04	https://zenodo.org/record/4087330/files/streptococcus_pneumoniae__04.fa.xz
streptococcus_pneumoniae__05	https://zenodo.org/record/4087330/files/streptococcus_pneumoniae__05.fa.xz
streptococcus_pneumoniae__06	https://zenodo.org/record/4087330/files/streptococcus_pneumoniae__06.fa.xz
streptococcus_pneumoniae__07	https://zenodo.org/record/4087330/files/streptococcus_pneumoniae__07.fa.xz
streptococcus_pneumoniae__08	https://zenodo.org/record/4087330/files/streptococcus_pneumoniae__08.fa.xz
streptococcus_pneumoniae__09	https://zenodo.org/record/4087330/files/streptococcus_pneumoniae__09.fa.xz
streptococcus_pneumoniae__10	https://zenodo.org/record/4087330/files/streptococcus_pneumoniae__10.fa.xz
streptococcus_pyogenes__01	https://zenodo.org/record/4087330/files/streptococcus_pyogenes__01.fa.xz
streptococcus_pyogenes__02	https://zenodo.org/record/4087330/files/streptococcus_pyogenes__02.fa.xz
streptococcus_pyogenes__03	https://zenodo.org/record/4087330/files/streptococcus_pyogenes__03.fa.xz
streptococcus_pyogenes__04	https://zenodo.org/record/4087330/files/streptococcus_pyogenes__04.fa.xz
streptococcus_salivarius__01	https://zenodo.org/record/4087330/files/streptococcus_salivarius__01.fa.xz
streptococcus_sanguinis__01	https://zenodo.org/record/4087330/files/streptococcus_sanguinis__01.fa.xz
streptococcus_suis__01	https://zenodo.org/record/4087330/files/streptococcus_suis__01.fa.xz
streptococcus_thermophilus__01	https://zenodo.org/record/4087330/files/streptococcus_thermophilus__01.fa.xz
streptococcus_uberis__01	https://zenodo.org/record/4087330/files/streptococcus_uberis__01.fa.xz
streptomyces_avermitilis__01	https://zenodo.org/record/4087330/files/streptomyces_avermitilis__01.fa.xz
streptomyces_coelicolor__01	https://zenodo.org/record/4087330/files/streptomyces_coelicolor__01.fa.xz
streptomyces_griseus__01	https://zenodo.org/record/4087330/files/streptomyces_griseus__01.fa.xz
streptosporangium_roseum__01	https://zenodo.org/record/4087330/files/streptosporangium_roseum__01.fa.xz
sulfolobus_solfataricus__01	https://zenodo.org/record/4087330/files/sulfolobus_solfataricus__01.fa.xz
sulfurimonas_denitrificans__01	https://zenodo.org/record/4087330/files/sulfurimonas_denitrificans__01.fa.xz
symbiobacterium_thermophilum__01	https://zenodo.org/record/4087330/files/symbiobacterium_thermophilum__01.fa.xz
synechococcus_elongatus__01	https://zenodo.org/record/4087330/files/synechococcus_elongatus__01.fa.xz
synechococcus_phage_srim2__01	https://zenodo.org/record/4087330/files/synechococcus_phage_srim2__01.fa.xz
synechococcus_phage_syn9__01	https://zenodo.org/record/4087330/files/synechococcus_phage_syn9__01.fa.xz
synechococcus_sp_cc9605__01	https://zenodo.org/record/4087330/files/synechococcus_sp_cc9605__01.fa.xz
synechococcus_sp_wh_7803__01	https://zenodo.org/record/4087330/files/synechococcus_sp_wh_7803__01.fa.xz
synechocystis_sp_pcc_6803__01	https://zenodo.org/record/4087330/files/synechocystis_sp_pcc_6803__01.fa.xz
syntrophobacter_fumaroxidans__01	https://zenodo.org/record/4087330/files/syntrophobacter_fumaroxidans__01.fa.xz
tannerella_forsythia__01	https://zenodo.org/record/4087330/files/tannerella_forsythia__01.fa.xz
thauera_sp_mz1t__01	https://zenodo.org/record/4087330/files/thauera_sp_mz1t__01.fa.xz
thermaerobacter_marianensis__01	https://zenodo.org/record/4087330/files/thermaerobacter_marianensis__01.fa.xz
thermincola_potens__01	https://zenodo.org/record/4087330/files/thermincola_potens__01.fa.xz
thermoanaerobacterium_xylanolyticum__01	https://zenodo.org/record/4087330/files/thermoanaerobacterium_xylanolyticum__01.fa.xz
thermoanaerobacter_sp_x514__01	https://zenodo.org/record/4087330/files/thermoanaerobacter_sp_x514__01.fa.xz
thermoanaerobacter_wiegelii__01	https://zenodo.org/record/4087330/files/thermoanaerobacter_wiegelii__01.fa.xz
thermobacillus_composti__01	https://zenodo.org/record/4087330/files/thermobacillus_composti__01.fa.xz
thermobifida_fusca__01	https://zenodo.org/record/4087330/files/thermobifida_fusca__01.fa.xz
thermosynechococcus_elongatus__01	https://zenodo.org/record/4087330/files/thermosynechococcus_elongatus__01.fa.xz
thermotoga_maritima__01	https://zenodo.org/record/4087330/files/thermotoga_maritima__01.fa.xz
thermus_thermophilus__01	https://zenodo.org/record/4087330/files/thermus_thermophilus__01.fa.xz
thioalkalivibrio_sp_k90mix__01	https://zenodo.org/record/4087330/files/thioalkalivibrio_sp_k90mix__01.fa.xz
thiomicrospira_crunogena__01	https://zenodo.org/record/4087330/files/thiomicrospira_crunogena__01.fa.xz
tobacco_etch_virus__01	https://zenodo.org/record/4087330/files/tobacco_etch_virus__01.fa.xz
treponema_denticola__01	https://zenodo.org/record/4087330/files/treponema_denticola__01.fa.xz
treponema_pallidum__01	https://zenodo.org/record/4087330/files/treponema_pallidum__01.fa.xz
treponema_pedis__01	https://zenodo.org/record/4087330/files/treponema_pedis__01.fa.xz
treponema_succinifaciens__01	https://zenodo.org/record/4087330/files/treponema_succinifaciens__01.fa.xz
vaccinia_virus__01	https://zenodo.org/record/4087330/files/vaccinia_virus__01.fa.xz
variovorax_paradoxus__01	https://zenodo.org/record/4087330/files/variovorax_paradoxus__01.fa.xz
veillonella_parvula__01	https://zenodo.org/record/4087330/files/veillonella_parvula__01.fa.xz
vibrio_alginolyticus__01	https://zenodo.org/record/4087330/files/vibrio_alginolyticus__01.fa.xz
vibrio_anguillarum__01	https://zenodo.org/record/4087330/files/vibrio_anguillarum__01.fa.xz
vibrio_campbellii__01	https://zenodo.org/record/4087330/files/vibrio_campbellii__01.fa.xz
vibrio_cholerae__01	https://zenodo.org/record/4087330/files/vibrio_cholerae__01.fa.xz
vibrio_parahaemolyticus__01	https://zenodo.org/record/4087330/files/vibrio_parahaemolyticus__01.fa.xz
vibrio_tasmaniensis__01	https://zenodo.org/record/4087330/files/vibrio_tasmaniensis__01.fa.xz
vibrio_vulnificus__01	https://zenodo.org/record/4087330/files/vibrio_vulnificus__01.fa.xz
west_nile_virus__01	https://zenodo.org/record/4087330/files/west_nile_virus__01.fa.xz
wolbachia_endosymbiont_of_brugia_malayi__01	https://zenodo.org/record/4087330/files/wolbachia_endosymbiont_of_brugia_malayi__01.fa.xz
wolbachia_endosymbiont_of_drosophila_melanogaster__01	https://zenodo.org/record/4087330/files/wolbachia_endosymbiont_of_drosophila_melanogaster__01.fa.xz
xanthomonas_campestris__01	https://zenodo.org/record/4087330/files/xanthomonas_campestris__01.fa.xz
xanthomonas_citri__01	https://zenodo.org/record/4087330/files/xanthomonas_citri__01.fa.xz
xanthomonas_euvesicatoria__01	https://zenodo.org/record/4087330/files/xanthomonas_euvesicatoria__01.fa.xz
xanthomonas_oryzae__01	https://zenodo.org/record/4087330/files/xanthomonas_oryzae__01.fa.xz
xylella_fastidiosa__01	https://zenodo.org/record/4087330/files/xylella_fastidiosa__01.fa.xz
yersinia_enterocolitica__01	https://zenodo.org/record/4087330/files/yersinia_enterocolitica__01.fa.xz
yersinia_pestis__01	https://zenodo.org/record/4087330/files/yersinia_pestis__01.fa.xz
yersinia_pseudotuberculosis__01	https://zenodo.org/record/4087330/files/yersinia_pseudotuberculosis__01.fa.xz
zaire_ebolavirus__01	https://zenodo.org/record/4087330/files/zaire_ebolavirus__01.fa.xz
zika_virus__01	https://zenodo.org/record/4087330/files/zika_virus__01.fa.xz
zunongwangia_profunda__01	https://zenodo.org/record/4087330/files/zunongwangia_profunda__01.fa.xz
zymomonas_mobilis__01	https://zenodo.org/record/4087330/files/zymomonas_mobilis__01.fa.xz
